datum;tags1;tag2;tag3;Bundesland;;Artikel
03.01.2025;Polizei;Einsatz;"Öffentliche Ordnung""";Bayern;Starkregen führte zu einzelnen Ãœberschwemmungen von Kellern.;"An diesem frostigen Januarmorgen führte die Augsburger Polizei eine Routinekontrolle durch – zumindest dachten alle, es sei Routine. Doch während die Kontrolle fortschritt, bemerkte eine junge Polizistin eine unscheinbare Kiste auf dem Rücksitz eines alten Kombis. Darin fand sie ein kleines, mechanisches Uhrwerk, das ununterbrochen tickte, aber offenbar zu keiner Uhr gehörte.
Der Fahrer erklärte nervös, er habe es auf einem Flohmarkt gekauft, und plötzlich erinnerte er sich an den Verkäufer: ein älterer Herr mit Augen, die wirkten, als wüssten sie mehr über Zeit, als ein Mensch sollte.
Die Polizistin nahm das Uhrwerk mit – und seit diesem Tag blieb es in der Asservatenkammer ununterbrochen aktiv. Niemand weiß, was es zählt."
07.01.2025;Feuerwehr;Brand;"Wohnhaus""";Hamburg;Ein Küchenbrand in einem Mehrfamilienhaus konnte frühzeitig gelöscht werden. Verletzt wurde niemand.;"In einem Mehrfamilienhaus in Altona brach Feuer in einer Küche aus. Während die Feuerwehr den Brand unter Kontrolle brachte, hörten sie plötzlich ein leises Kratzen hinter der Wand.
Als sie die Verkleidung öffneten, fanden sie eine Katze – aber nicht irgendeine. Die Fellzeichnung wirkte wie der Umriss eines brennenden Hauses. Der Mieter schwor, die Katze sei erst seit dem Brand „so gestreift“.
Seit diesem Tag nennen die Bewohner sie „die Wächterin“. Und seltsamerweise hat es seitdem im ganzen Haus keinen einzigen technischen Defekt mehr gegeben."
12.01.2025;Wirtschaft;Handel;"Region""";Hessen;Einzelhändler in Wiesbaden melden eine steigende Nachfrage nach regionalen Produkten zum Jahresbeginn.;"Die Händler der Innenstadt wunderten sich über die ungewöhnlich hohe Nachfrage nach Kerzen – obwohl die Stromversorgung völlig stabil war.
Eines Abends betrat ein mysteriöser Mann den Laden von Frau Reger und kaufte sämtliche weißen Kerzen auf. Er sprach kaum, doch als er den Laden verließ, wehte ein Windstoß durch die Tür, obwohl draußen kaum ein Lüftchen ging.
In derselben Nacht sahen mehrere Anwohner eine schweigende, weiß gekleidete Gestalt durch die Straßen wandern – immer nur kurz sichtbar, wie ein Schatten, der nicht ganz im Licht stand.
Am nächsten Morgen brannten in ganz Wiesbaden kleine Kerzenreste auf den Bürgersteigen. Niemand wusste, von wem."
16.01.2025;Kultur;Lesung;"Bibliothek""";Berlin;In der Stadtbibliothek Mitte fand eine Lesung mit lokalen Autorinnen und Autoren statt.;"Die Veranstaltung begann ganz normal – ein Autor las aus seinem neuen Roman über vergessene Orte in Berlin. Doch als er ein bestimmtes Kapitel erreichte, begann die Luft im Saal leicht nach feuchtem Stein zu riechen.
Eine Zuhörerin berichtete später, sie habe beim Zuhören plötzlich das Gefühl gehabt, unter der Stadt zu stehen. Der Autor wirkte überrascht, aber er las weiter.
Nach der Lesung wollten mehrere Gäste das vorgelesene Kapitel im gedruckten Buch nachlesen – doch es war nicht darin enthalten. Der Autor schwor, es nie geschrieben zu haben.
Seitdem meidet er die Kellerräume der Bibliothek."
22.01.2025;Umwelt;Naturschutz;"Projekt""";Brandenburg;Ein neues Aufforstungsprojekt in der Uckermark wurde offiziell gestartet.;"Freiwillige und Förster arbeiteten gemeinsam daran, eine große Lichtung zu bepflanzen. Doch eine kleine Fläche weigerte sich hartnäckig, Setzlinge zu halten – als würde der Boden selbst sie wieder ausspucken.
Ein älterer Einwohner erzählte, dort habe früher ein riesiger, uralter Baum gestanden, den man nie hätte fällen dürfen.
In der Nacht nach dieser Erzählung hörten einige Helfer ein tiefes, rhythmisches Grollen aus dem Wald – wie atmender Boden.
Am nächsten Morgen wuchs mitten auf der besagten Fläche ein einzelner junger Baum, der am Vortag definitiv noch nicht da gewesen war."
29.01.2025;Sport;Turnier;"Jugend""";Sachsen;In Chemnitz traten zwölf Jugendmannschaften bei einem Hallenturnier gegeneinander an.;In der Sporthalle war die Luft elektrisch. Die Teams rannten, schrien, lachten. Doch das kleinste Team – die „Waldfüchse“ – hatte einen Spieler, der nie schwitzte: Milan. Er schoss Tore, als hätte er die Flugbahn vorher gesehen. Nach dem Finale, das die Waldfüchse überraschend gewannen, fragte man ihn nach seinem Training. Er zuckte nur mit den Schultern und zeigte in die Ecke der Halle auf einen Stapel alter Bälle. „Die haben mir’s beigebracht“, sagte er. Als der Hausmeister später abschloss, hörte er aus der dunklen Halle leises Klopfen. Am nächsten Morgen lagen alle Bälle ordentlich in einer Reihe, wie nach einem nächtlichen Geheimtraining.
04.02.2025;Polizei;Verkehr;"Kontrolle""";Nordrhein-Westfalen;Bei einer Schwerpunktkontrolle in Essen wurden über 200 Fahrzeuge überprüft.;Unter den vielen Autos fiel ein rostiger Lieferwagen auf, dessen Fahrer freundlich wirkte, aber nervös mit den Fingern trommelte. Im Laderaum fanden die Beamten keine Ware, sondern ein zusammengebautes Mini-Planetarium. Der Mann, ein ehemaliger Physiklehrer, erklärte, er fahre nachts durch das Ruhrgebiet und zeige Kindern die Sterne, weil man sie in der Stadt kaum noch sieht. „Ich habe keine Lizenz“, gab er zu. Die Polizistin sah sich um: im Wagen klebten Zeichnungen von Kindern, auf denen Saturn lächelte und die Milchstraße wie ein Fluss aussah. Sie gab ihm keine Strafe. Stattdessen begleiteten die Beamten ihn abends zu einem Schulhof. Als das Planetarium anging, hielt selbst der härteste Polizist unwillkürlich den Atem an.
09.02.2025;Feuerwehr;Technische Hilfeleistung;"Unfall""";Niedersachsen;Nach einem kleinen Unfall musste die Feuerwehr ein Fahrzeug aus einem Straßengraben bergen.;"Das Auto lag schief im Straßengraben, aber erstaunlich unbeschädigt. Die Fahrerin, eine ältere Dame, war völlig ruhig. „Ich musste ausweichen“, sagte sie. „Da stand plötzlich ein Reh – mit einem roten Schal.“ Niemand glaubte ihr. Doch als die Feuerwehr den Wagen hochzog, fiel aus dem Gebüsch tatsächlich ein roter Schal, frisch gestrickt und warm, als käme er gerade aus der Tasche. Im Schal war ein kleines Etikett eingenäht: „Für den, der aufpasst.“ Die Dame lächelte, als wäre das der normalste Fund der Welt. „Sehen Sie“, sagte sie. „Er hat’s wieder geschafft."""
15.02.2025;Bildung;Schule;"Workshop""";Thüringen;An einer Schule in Jena fand ein Workshop zu digitalem Lernen statt.;Der Workshop war modern, voller Tablets und Lern-Apps. Als die Schüler testeten, wie KI Texte schreibt, gab eine Schülerin den Prompt ein: „Erzähl mir eine Geschichte über unsere Schule in 50 Jahren.“ Der Bildschirm flackerte. Statt Text erschien ein Foto – ein echtes – von der Schule, überwachsen von Efeu, aber davor standen Kinder, die exakt wie sie aussahen. Ein Lehrer meinte, das sei ein Bug. Doch die Datei trug das Datum 15.02.2075. Niemand konnte erklären, woher das Bild kam. Seitdem nennen die Schüler das Tablet „die Zeitkapsel“ – und behandeln es wie ein stilles Orakel.
23.02.2025;Kultur;Ausstellung;"Museum""";Bremen;Das Landesmuseum eröffnete eine neue Ausstellung zur Industriegeschichte.;In der Ausstellung stand eine alte Turbine, groß wie ein Pferd. Neben ihr ein Knopf: „Starten (nur simuliert)“. Ein kleiner Junge drückte ihn, und die Turbine begann zu surren – nicht laut, aber irgendwie lebendig. Die Museumsführerin schaute irritiert: eigentlich sollte nur ein Sound abgespielt werden. Doch der Metallkörper vibrierte wirklich. Als der Junge die Hand auflegte, sah er plötzlich Bilder: Arbeiter, Dampf, Wiesengrund vor den Fabriken. Er zog die Hand zurück und sagte: „Sie will nicht still sein.“ Später stellte man fest: Der Knopf war gar nicht angeschlossen.
01.03.2025;Umwelt;Recycling;"Aktion""";Rheinland-Pfalz;In Koblenz wurde ein stadtweiter Recyclingtag durchgeführt.;"Die Leute brachten Kisten, Lampen, alte Handys. Vor einem Sammelpunkt stand ein Mann mit einer zerkratzten Schallplatte. „Unbrauchbar“, sagte der Helfer. Der Mann schüttelte den Kopf. „Die Platte ist nicht kaputt. Nur die Zeit darauf.“
Er legte sie in einen tragbaren Plattenspieler und drehte sie rückwärts. Plötzlich hörten alle eine Stimme, die über Koblenz sprach – aber nicht über heute, sondern über morgen. „Regen um 16 Uhr, und der Fund einer Tasche am Rhein“, erklang es. Um 16 Uhr regnete es. Und am Rhein fand man tatsächlich eine Tasche – mit einem Portemonnaie, das eine Frau seit Wochen vermisst hatte. Die Schallplatte verschwand danach spurlos in der Sammelbox."
07.03.2025;Wirtschaft;Start-up;"Netzwerk""";Baden-Württemberg;Ein Gründerzentrum in Freiburg lud zu einem Austauschabend ein.;"Junge Start-ups pitchten Ideen, Reden flogen durch den Raum. Am Rand saß eine Frau mit einem Notizbuch aus Leder. Kein Logo, kein Namensschild. Als sie schließlich aufstand, sagte sie nur: „Ihr habt alle gute Ideen. Aber ihr vergesst den Kern.“
Sie zeichnete ein winziges Haus mit offenem Fenster. „Baut Dinge, durch die Menschen wieder besser atmen können.“
Dann ging sie. Draußen war sie weg, als hätte sie nie existiert. Doch auf jedem Tisch lag plötzlich ein Zettel mit exakt dem Satz, den die jeweilige Gründerin gebraucht hatte, um ihr Projekt zu retten."
12.03.2025;Polizei;Öffentlichkeitsfahndung;"Hinweise""";Berlin;Die Polizei bittet um Hinweise zu einem Vorfall im Stadtteil Neukölln.;"Der Fall war seltsam: Mehrere Leute hatten eine „bewegliche Hausnummer“ gemeldet. Die 37 an einem Altbau sei nachts verschwunden und morgens wieder da.
Kommissar Drazic legte sich auf die Lauer. Um 3:07 Uhr hörte er ein metallisches Klirren und sah, wie sich die 37 tatsächlich von der Fassade löste, zwei Schritte über den Putz wanderte und sich an eine andere Stelle setzte. Kein Mensch weit und breit.
Als er sich näherte, fiel eine kleine Schraube zu Boden. Darauf war winzig eingraviert: „Wenn du mich findest, findest du auch mich.“
Drazic nahm sie mit. Der Fall blieb ungelöst, aber er begann, jede Nacht auf eine andere Hausnummer zu achten."
18.03.2025;Feuerwehr;Brand;"Einsatz""";Saarland;In einem Gewerbebetrieb kam es zu einem Maschinenbrand, der schnell gelöscht wurde.;"Die Maschine brannte nur kurz, aber als der Rauch abzog, war das Metall an einem einzigen Punkt wie zu Glas geschmolzen. Ein Mitarbeiter schwor, er habe darin ein Gesicht gesehen – eine Art Reflexion, die nicht zu ihm gehörte.
Die Chefin ließ ein Gutachten machen. Ergebnis: Unbekannte Legierung, untypisch für die Anlage.
In der Woche darauf tauchten auf dem Betriebsgelände kleine, kreisrunde Metallstücke auf – wie Münzen ohne Prägung. Wer sie in der Hand hielt, spürte Wärme und hörte ein fernes Brummen, als würde irgendwo tief unter der Erde eine zweite Maschine weiterlaufen. Nur wofür?"
25.03.2025;Kultur;Konzert;"Veranstaltung""";Hamburg;Ein Orchesterkonzert in der Innenstadt zog zahlreiche Besucher an.;"Beim Konzert wurde ein altes, fast vergessenes Stück gespielt. In der zweiten Reihe saß ein Mann, der jedes Mal vor einer bestimmten Melodie die Augen schloss, als würde er etwas erwarten.
Als die Geigen genau diese Passage erreichten, fiel draußen vor der Tür ein Strommast aus – doch im Saal blieb es hell. Nicht durch Lampen, sondern durch ein sanftes Leuchten an der Decke, als ob die Musik Licht erzeugte.
Der Dirigent stoppte nicht. Niemand im Publikum rührte sich. Nach dem letzten Ton war das Licht weg und draußen ging der Strom wieder an. Der Mann in Reihe zwei weinte leise. Er verließ den Saal ohne Applaus, als hätte er nur einen alten Freund kurz wiedergetroffen."
02.04.2025;Soziales;Gemeinschaft;"Treffen""";Schleswig-Holstein;Ein Nachbarschaftstreffen in Lübeck brachte Anwohner aus verschiedenen Stadtteilen zusammen.;"Auf langen Tischen standen Kuchen, Dips und Namensschilder. Man redete über Parkplätze, Kinderlärm, Blumenkübel.
Dann legte jemand eine alte Karte auf den Tisch – eine Lübeck-Karte von 1890. „Schaut“, sagte eine Frau, „hier war früher ein Kanal.“
Ein Rentner nickte langsam. „Und hier ein Garten, der nie wiedergefunden wurde.“
Sie beschlossen spontan, zusammen danach zu suchen. Zwei Stunden später standen sie in einem Hinterhof und fanden unter Efeu einen verrosteten Brunnen mit einer winzigen Messingplakette: „Garten der zweiten Chancen.“
Von da an war das Treffen kein jährlicher Termin mehr, sondern der Start einer kleinen Stadt-Expedition."
09.04.2025;Polizei;Vermisstensuche;"Einsatz""";Hessen;Beamte suchten nach einer vermissten Person, die später wohlbehalten gefunden wurde.;"Die Suche lief bereits seit Stunden, als plötzlich ein Anruf kam: Die vermisste Frau sei in einem alten Gewächshaus entdeckt worden.
Sie saß zwischen tropischen Pflanzen, als hätte sie dort nur kurz Pause gemacht. „Ich bin dem Duft gefolgt“, erklärte sie ruhig.
Im Gewächshaus stand ein einziger Topf, in dem eine Blume blühte, die niemand kannte – sie roch nach Kindheit, sagten später alle.
Der Besitzer des Gewächshauses meinte, die Pflanze habe es gestern noch nicht gegeben.
Die Frau nahm eine Samenkapsel mit. Zuhause pflanzte sie sie ein – und fand am nächsten Morgen auf dem Fensterbrett eine zweite Kapsel, mit dem Zettel: „Damit du den Weg wiederfindest.“"
15.04.2025;Feuerwehr;Sturmschaden;"Technische Hilfe""";Sachsen-Anhalt;Mehrere umgestürzte Bäume blockierten Straßen im Landkreis Wittenberg.;"Der Sturm hatte den Wald wie ein Mikado-Spiel hinterlassen. Die Räumung war mühsam.
Ein Forstarbeiter fand unter einem umgestürzten Stamm ein kleines, trockenes Nest – darin kein Ei, sondern ein Schlüssel.
An einem Ast hing ein Schild aus Rinde: „Für das Haus, das niemand mehr sieht.“
Neugierig folgten sie einer alten Schneise, bis sie auf eine verfallene Hütte stießen, halb im Boden versunken. Der Schlüssel passte.
Innen war alles staubig, aber auf dem Tisch lag ein frisches Brot – noch warm.
Sie schlossen die Tür wieder. Manche Wege, fanden sie, gehören nicht den Menschen."
22.04.2025;Wirtschaft;Arbeitsmarkt;"Region""";Nordrhein-Westfalen;Die Arbeitsagentur meldet stabile Zahlen für den regionalen Arbeitsmarkt.;"Im Wartesaal der Arbeitsagentur saßen die Leute mit Bewerbungsmappe, Kaffee, Hoffnung.
Ein Mann verteilte plötzlich kleine Zettel: „Heute um 14 Uhr – Vorstellungsgespräch bei dir selbst.“
Viele lachten. Einer nicht.
Er nahm den Zettel, ging nach Hause, setzte sich um 14 Uhr an den Küchentisch – und fand neben sich eine zweite Tasse Kaffee, frisch eingeschenkt.
„Also“, hörte er eine Stimme, „warum willst du wirklich arbeiten?“
Er drehte sich um. Niemand da.
Aber er antwortete trotzdem. Zwei Wochen später gründete er sein eigenes kleines Reparatur-Atelier. Er nannte es „14 Uhr“."
30.04.2025;Umwelt;Wetter;"Beobachtung""";Bayern;Meteorologische Dienste melden ungewöhnlich milde Temperaturen für die Jahreszeit.;"Die Stadt fühlte sich an wie im Juni. Leute saßen am Fluss, Kinder spielten barfuß.
In einem Park tauchte ein Eiswagen auf – knallblau, ohne Kennzeichen. Der Fahrer trug einen Mantel, obwohl es warm war.
Sein Eis schmeckte nach Dingen, die man verloren hatte: nach Sommerferien, nach erstem Kuss, nach dem Geräusch von Opas Fahrrad.
Die Schlange wurde länger, aber plötzlich war der Wagen weg. Nur eine Pfütze aus Vanille blieb zurück.
Am Abend kühlte es wieder ab, und alle fragten sich, ob der Frühling kurz eine Tür zu weit aufgemacht hatte."
05.05.2025;Kultur;Lesung;"Autor""";Baden-Württemberg;In Karlsruhe fand eine gut besuchte Buchpräsentation statt.;"Die Autorin stellte einen Kriminalroman vor, doch das Publikum lauschte zunehmend nicht dem Plot, sondern ihren Pausen.
In jeder Pause schien sie zu warten, als würde jemand Unsichtbares ihr den nächsten Satz zuflüstern.
Als ein Zuhörer fragte, woher sie die Idee hatte, sagte sie: „Ich habe nur aufgeschrieben, was mir die alte Schreibmaschine im Keller diktierte.“
Gelächter.
Später, beim Signieren, tippte die Autorin auf der Rückseite eines Buches plötzlich drei Wörter, obwohl sie keinen Stift benutzte.
Der Käufer sah nach: In seinem Exemplar stand nun ein zusätzlicher Absatz, handschriftlich, der eine Wendung enthielt, die das ganze Ende veränderte.
Er schwor, die Tinte sei noch warm gewesen."
11.05.2025;Polizei;Ereignis;"Einsatz""";Sachsen;Die Polizei rückte zu einer Ruhestörung in einer Wohnanlage aus.;"Die Beamten erwarteten laute Musik. Stattdessen fanden sie im Innenhof eine Gruppe Menschen, die stumm im Kreis stand.
In der Mitte lag ein Radio – ausgeschaltet. Trotzdem vibrierte die Luft wie von Bass.
„Wir hören ihn“, sagte eine Nachbarin. „Er spielt immer sonntags.“
„Wer?“ fragte der Polizist.
Sie zeigten auf den leeren Balkon im dritten Stock. Dort hing nur eine alte Windharfe.
Der Polizist trat näher, und im selben Moment setzte eine Melodie ein, so leise, dass sie eher gefühlt als gehört wurde.
Keine Ruhestörung. Eher ein Haus, das sich erinnerte."
18.05.2025;Feuerwehr;Brandmeldeanlage;"Alarm""";Berlin;Ein Fehlalarm in einem Einkaufszentrum führte zu einem kurzen Einsatz.;"Die Sirene heulte, Menschen strömten raus, alles Routine.
Nur ein Junge blieb stehen: „Da drin ist jemand“, sagte er.
Die Feuerwehr durchsuchte das Gebäude. Gefunden wurde niemand – außer einer Schaufensterpuppe, die nicht im Inventar stand.
Sie trug Kleidung von vor hundert Jahren und hielt einen Zettel: „Der Alarm war nötig.“
Als sie den Zettel wegräumen wollten, kippte in einem Lagerraum ein Regal um – genau dort, wo sie sonst gestanden hätten.
Der Fehlalarm war keiner.
Am nächsten Tag war die Puppe verschwunden."
27.05.2025;Soziales;Ehrenamt;"Unterstützung""";Hessen;Freiwillige organisierten eine Spendenaktion für Bedürftige.;"Die Aktion lief großartig, bis ein kleiner Umschlag ohne Absender auftauchte.
Innen war kein Geld, sondern ein handgefertigter Knopf, blau, mit einem winzigen Stern.
„Wer spendet einen Knopf?“ fragte jemand.
Eine Frau erkannte ihn und hielt ihn zitternd hoch: „Das ist der Knopf vom Mantel meines Vaters. Er war im Krieg verschwunden.“
Niemand wusste, ob das stimmen konnte.
Den Knopf legten sie zur Versteigerung aus. Er brachte mehr ein als jede Kleinspende – weil alle plötzlich das Gefühl hatten, er gehöre zu einer Geschichte, die weitergetragen werden musste."
03.06.2025;Sport;Turnier;"Sommerfest""";Hamburg;Ein lokales Sommerturnier lockte zahlreiche Teilnehmende an.;"Auf dem Sportplatz war Hitze, Staub, Jubel.
Ein Team trat ohne Trainer an, aber mit einem großen schwarzen Hund, der am Rand saß und bellte, wenn jemand falsch stand.
„Unser Coach“, lachten die Spieler.
Doch der Hund hatte tatsächlich eine merkwürdig präzise Intuition. Er führte sie zum Sieg.
Nach dem Finale wollten Zuschauer ihn streicheln – aber er war weg.
Nur ein altes Halsband blieb zurück, mit dem Namen „Professor“.
Niemand in der Stadt kannte einen Hund dieses Namens. Trotzdem tauchte er jedes Jahr wieder auf, pünktlich zum Turnier."
11.06.2025;Polizei;Diebstahl;"Ermittlung""";Rheinland-Pfalz;Die Polizei ermittelt nach mehreren gemeldeten Fahrraddiebstählen.;"Die Diebstähle waren seltsam: Immer fehlte nur das Vorderrad.
Ein Kommissar installierte eine Kamera am Bahnhof.
In der Nacht erschien tatsächlich eine Gestalt – aber sie nahm keine Räder. Sie tauschte sie aus.
Am Morgen hatten die Fahrräder plötzlich identische, nagelneue Vorderräder mit einer kleinen Gravur: „Fahr weiter.“
Die Leute waren verwirrt, aber dankbar.
Die Ermittlungen liefen ins Leere.
Manche meinten später, das sei kein Dieb gewesen, sondern jemand, der verhindern wollte, dass ein ganz bestimmtes Rad an einem ganz bestimmten Tag kaputtging."
19.06.2025;Feuerwehr;Unwetter;"Wasserschaden""";Bayern;Starkregen führte zu einzelnen Ãœberschwemmungen von Kellern.;"Als das Wasser aus dem Keller von Familie Tran gepumpt wurde, blieb auf dem Boden ein Muster zurück – wie eine Landkarte.
Der Sohn fotografierte es.
Es zeigte nicht das Haus, sondern den Stadtteil – mit einem roten Kreis um einen Spielplatz.
Neugierig ging er dort hin. In der Ecke des Sandkastens ragte ein Metallring heraus. Er zog daran – und hob eine wasserdichte Kiste heraus.
Darin: ein Familienalbum, völlig trocken, mit Fotos, die seine Familie noch nicht gemacht hatte.
Auf dem letzten Bild standen sie selbst am Spielplatz – in genau dieser Pose.
Notiert war: „Danke fürs Finden.“"
26.06.2025;Bildung;Hochschule;"Forschung""";Bremen;Eine Hochschule präsentierte Ergebnisse eines mehrjährigen Forschungsprojekts.;"Bei der Präsentation zeigte ein Professor eine Simulation, wie sich Städte in Zukunft verändern.
Als er auf „Start“ klickte, erschien nicht die Zukunft – sondern ein Live-Bild des Hörsaals, aber aus einer Ecke, in der keine Kamera stand.
Die Studierenden sahen sich selbst – und hinter ihnen eine zusätzliche Person, die nicht da war.
Ein Raunen ging durch den Raum.
Der Professor stoppte die Präsentation, aber die Folie wechselte von allein weiter.
Auf ihr erschien nur ein Satz: „Forschung ist auch Erinnerung.“
Danach funktionierte alles wieder normal.
Niemand sprach je offiziell darüber."
04.07.2025;Kultur;Open-Air;"Festival""";Brandenburg;Ein Open-Air-Festival lockte zahlreiche Besucher trotz durchwachsenem Wetter.;"Kurz vor dem Headliner zog eine schwarze Wolke auf.
Ein Techniker wollte den Auftritt abbrechen, doch eine Frau aus dem Publikum trat auf die Bühne, hob die Hände und begann zu singen – ohne Mikro.
Ihre Stimme war glasklar.
Der Wind legte sich.
Die Wolke riss auf exakt über der Bühne, wie ein Vorhang.
Der Headliner kam raus und sagte nur: „Okay… wir spielen.“
Nach dem Festival wollte niemand die Frau finden. Niemand kannte sie.
Aber auf allen Handyvideos ist ihre Stimme zu hören, obwohl kein Handy sie direkt aufgenommen hatte."
12.07.2025;Umwelt;Tierschutz;"Beobachtung""";Schleswig-Holstein;Naturschützer melden eine steigende Zahl von Brutstätten geschützter Vögel.;"In einem Schutzgebiet entdeckte Ornithologin Rieke ein Nest an einer Stelle, an der nie eines war.
Darin lag ein Ei, aber es schimmerte wie Porzellan.
Als sie es vorsichtig untersuchte, hörte sie ein Pfeifen – nicht von Vögeln, sondern wie ein kleines Flötensignal.
Plötzlich kamen aus dem Wald mehrere seltene Vögel gleichzeitig heran, setzten sich um sie herum, als wollten sie etwas zeigen.
Sie folgte ihnen zu einer Quelle, die auf keiner Karte stand.
Am Ende trank sie daraus – und konnte seitdem Vogelrufe verstehen. Zumindest behauptet sie das.
Ihre Kollegen lächeln, bis sie selber dabei sind."
20.07.2025;Wirtschaft;Handwerk;"Region""";Thüringen;Handwerksbetriebe berichten von einer stabilen Auftragslage.;"Der Schreinerbetrieb „Holz & Herz“ bekam plötzlich unzählige Bestellungen für identische kleine Holzkästen, ohne Absender.
Alle mit derselben Notiz: „Bitte ohne Nägel.“
Der Meister fand das merkwürdig, baute sie trotzdem.
Als der hundertste Kasten fertig war, stand nachts ein Lieferwagen vor der Werkstatt. Niemand stieg aus. Nur die Ladefläche war offen.
Er stellte die Kästen hinein.
Am Morgen war der Wagen weg – und am Schwarzen Brett der Stadt hingen plötzlich hundert Vogelhäuser.
Nicht verkauft, nicht angekündigt.
Seitdem nisten in der Gegend mehr Vögel als je zuvor. Und die Handwerker haben eine neue Tradition: Jeden Sommer bauen sie „Kästen ohne Nägel“."
29.07.2025;Polizei;Verkehrsunfall;"Einsatz""";Nordrhein-Westfalen;Bei einem Auffahrunfall in Köln wurde eine Person leicht verletzt.;"Auf der Zoobrücke krachte es. Ein Blechschaden, nichts Wildes.
Doch als die beiden Fahrer ausstiegen, stellten sie fest, dass sie denselben Song im Radio hörten – denselben Sender, dieselbe Sekunde, gleiche Lautstärke.
„Zufall“, meinte der eine.
„Oder ein Zeichen“, sagte der andere und zeigte auf sein Nummernschild: K-LM 2929.
Das andere Auto: K-LM 2929… nur eine Ziffer anders.
Sie lachten irritiert.
Später in der Versicherung tauchten beide in derselben Akte auf, obwohl sie verschiedene Personen waren.
Als ob die Stadt sich kurz vertan hätte, wer wen an diesem Tag treffen sollte."
05.08.2025;Feuerwehr;Technische Hilfe;"Fahrzeugbergung""";Saarland;Die Feuerwehr unterstützte bei der Bergung eines Lieferwagens.;"Der Lieferwagen war in eine Böschung gerutscht. Im Laderaum lag nichts Gefährliches – nur unzählige Pakete ohne Etikett.
Der Fahrer sagte, er wisse nicht, wohin sie sollten. „Ich folge nur dem Navi.“
Ein Feuerwehrmann öffnete eines der Pakete. Darin war… ein Brief.
„Danke, dass du mich heute gerettet hast“, stand da.
Er lief rot an. „Für wen ist das?“
Doch alle Pakete enthielten ähnliche Briefe, jeweils an eine andere Person, mit dankbaren Worten für Dinge, die noch gar nicht passiert waren.
Sie schlossen die Pakete wieder.
Der Fahrer fuhr weiter – diesmal ohne Navi, nur dem Gefühl nach."
11.08.2025;Soziales;Jugend;"Freizeit""";Baden-Württemberg;Ein Jugendzentrum startete ein neues Sommerangebot für Kinder.;"Das Programm war normal geplant: Basteln, Ausflüge, Spiele.
Doch am ersten Tag stand vor der Tür ein alter Koffer. Kein Name, kein Schloss, nur ein Aufkleber: „Öffnen bei Langeweile.“
Die Kinder rissen ihn neugierig auf. Drin lagen merkwürdige Dinge: ein Kompass ohne Nadel, Kreide in Sternform, eine Liste mit Rätseln.
Das Jugendzentrum wurde plötzlich ein Abenteuercamp.
Jedes Rätsel führte zu einem neuen Ort in der Stadt – versteckte Gänge, Dachböden, vergessene Parks.
Am Ende der Woche fanden sie im Koffer ein letztes Fach mit einer Notiz:
„Ihr habt die Stadt wachgeküsst. Jetzt gehört sie euch.“"
18.08.2025;Kultur;Theater;"Premiere""";Berlin;Ein Stadttheater präsentierte die Premiere eines modernen Bühnenstücks.;"Das Stück war experimentell: keine Kulissen, nur Stimmen und Licht.
Im dritten Akt sprach ein Schauspieler plötzlich einen Satz, den niemand im Textbuch kannte: „Schau nicht nach links.“
Mehrere Zuschauer, wie automatisch, schauten nach links – genau in dem Moment, als dort ein Scheinwerferhalter brach.
Er fiel knapp neben die Reihe. Niemand verletzt.
Die Technik schwor, es habe keine Warnung gegeben.
Der Schauspieler starrte nach vorne, bleich.
Nach der Vorstellung sagte er leise: „Ich hab’s einfach… gewusst.“
Im Programmheft tauchte der Satz später als offizieller Teil des Stücks auf. Als ob er immer dort gestanden hätte."
24.08.2025;Umwelt;Forst;"Pflege""";Hessen;Forstarbeiter führten Pflegemaßnahmen in einem Naherholungsgebiet durch.;"Während sie Sträucher schnitten, fanden sie eine alte Holzbank, völlig überwachsen.
Auf ihrer Lehne war ein Name eingeritzt – frisch, nicht verwittert: „Für Lina“.
Niemand kannte eine Lina.
Sie ließen die Bank stehen.
Am nächsten Tag lag dort ein Strauß Wildblumen. Am dritten Tag ein Notizbuch mit einem Gedicht.
Die Forstarbeiter begannen, die Bank „die Briefbank“ zu nennen.
Bald kamen Leute, setzten sich hin, schrieben Zettel, ließen sie dort.
Niemand wusste, wer Lina war.
Aber irgendwie fühlte es sich an, als ob der Wald gerade einen neuen Treffpunkt gebraucht hatte."
01.09.2025;Polizei;Kontrolle;"Sicherheit""";Rheinland-Pfalz;In Mainz fanden verstärkte Verkehrskontrollen statt.;"Ein Oldtimer wurde angehalten, aus dem leise Jazzmusik spielte.
Der Fahrer, ein Mann im Anzug, reichte kommentarlos den Führerschein. Alles korrekt – außer dem Geburtsdatum: 01.09.1891.
Der Polizist lachte, dachte an einen Scherz. Der Mann lächelte nicht.
„Sie sehen gut aus für 134“, murmelte der Polizist.
„Danke“, sagte der Mann, „ich fahre nur nachts, damit man mich nicht zu lang sieht.“
Dann zeigte er auf das Armaturenbrett: eine Uhr ohne Zeiger.
„Wenn die stehen bleibt, muss ich aussteigen.“
Der Polizist ließ ihn weiterfahren.
Später fand man nirgendwo eine Registrierung dieses Autos. Aber viele Mainzer schwören, sie hätten ihn schon als Kinder gesehen."
07.09.2025;Feuerwehr;Rettung;"Tierrettung""";Bayern;Ein kleiner Hund wurde aus einem verschlossenen Kellerabteil befreit.;"Als der Keller geöffnet wurde, sprintete der Hund nicht raus, sondern lief direkt zu einem bestimmten Briefkasten im Hausflur.
Er bellte so lange, bis jemand öffnete.
Darin lag ein Ring.
Eine junge Frau erkannte ihn sofort: der Verlobungsring ihrer Großmutter, seit Jahrzehnten verloren.
Der Hund wedelte, als wäre das genau der Plan gewesen.
Niemand konnte erklären, wie der Ring in den Briefkasten kam.
Und noch weniger, warum der Hund wusste, wohin er gehörte.
Die Hausgemeinschaft adoptierte ihn. Sein Name wurde: „Finder“."
14.09.2025;Wirtschaft;Tourismus;"Region""";Schleswig-Holstein;Hotels melden eine hohe Auslastung während der Spätsommerwochen.;"In einem kleinen Hotel am Stadtrand checkte ein Gast ein, der nur ein Zimmer wollte – aber jeden Abend ein anderes.
„Ich sammle Träume“, sagte er der Rezeptionistin.
Er schrieb morgens Notizen und wechselte dann das Stockwerk.
Am vierten Tag entdeckte die Rezeptionistin, dass in jedem Zimmer nach seiner Nacht ein winziges Origami-Boot auf dem Kopfkissen lag.
„Wofür sind die?“ fragte sie ihn.
„Damit die Leute nicht untergehen“, antwortete er.
Als sie ihn später zur Abreise bat, war sein Zimmer leer.
Nur ein letztes Boot blieb zurück – gefaltet aus dem Hotelprospekt."
21.09.2025;Kultur;Markt;"Tradition""";Niedersachsen;Ein traditioneller Herbstmarkt zog zahlreiche Besucher an.;"Der Markt war laut, bunt, duftete nach Apfel und Rauch.
Ein Stand fehlte jedoch im Plan: eine Frau verkaufte Gläser mit „Herbstwind“.
„Unsinn“, dachten die Leute, aber das Glas war warm, als würde es atmen.
Wer es öffnete, hörte für einen Moment ein Geräusch, das er vermisst hatte: knirschende Blätter aus Kindheitstagen, eine Stimme, die mal tröstete, das Gackern alter Hühner.
Die Gläser waren schnell ausverkauft.
Am Abend war die Frau weg.
Am nächsten Tag wehte über dem Platz ein Wind, der nach Apfel und Erinnerung roch."
29.09.2025;Umwelt;Klimabeobachtung;"Messwerte""";Sachsen-Anhalt;Forschende dokumentieren ungewöhnlich trockene Herbstwochen.;"Im Labor legten Klimaforscher Bodenproben aus.
Eine Probe aus einem Acker zeigte in der Mitte einen perfekt runden, feuchten Fleck – obwohl seit Wochen kein Regen gefallen war.
Man analysierte ihn.
Er bestand aus reinem Süßwasser.
„Wie eine Träne“, meinte eine Studentin scherzhaft.
In dieser Nacht träumten mehrere Forschende denselben Traum: ein Feld, das sprechen wollte, aber keine Stimme hatte.
Am nächsten Morgen beschlossen sie, ein neues Bewässerungsprojekt zu starten – genau an dieser Stelle.
Der Kreis blieb der Startpunkt.
Niemand nannte ihn noch „Fleck“, nur „Versprechen“."
06.10.2025;Polizei;Veranstaltung;"Begleitung""";Sachsen;Bei einer größeren Veranstaltung blieb der Einsatz ruhig und geordnet.;"Die Sanitäter saßen gelangweilt am Rand, der Einsatzleiter entspannte sich.
Dann kam ein kleines Mädchen zu ihnen und fragte: „Seid ihr heute hier, weil jemand weinen muss?“
„Wieso?“ fragte der Sanitäter.
Sie hielt ihm ein Taschentuch hin.
Es war bestickt mit dem Datum 06.10.2025.
„Meine Oma sagt, wenn ihr da seid, passiert nichts Schlimmes. Das ist euer Zauber.“
Der Sanitäter lächelte und steckte das Tuch ein.
Kein Einsatz an diesem Tag.
Aber seitdem trägt er es immer, wenn er Dienst hat."
14.10.2025;Feuerwehr;Brand;"Werkstatt""";Nordrhein-Westfalen;Ein kleiner Werkstattbrand verursachte Sachschaden, verletzt wurde niemand.;"Nach dem Feuer war eine Werkbank komplett abgebrannt – bis auf ein einziges Werkzeug: ein Schraubenschlüssel, blank und kalt.
Der Besitzer hob ihn auf. Auf dem Griff war rußfrei ein Name sichtbar geworden: „Elias“.
Elias war sein Bruder, seit Jahren tot.
„Das ist nicht möglich“, flüsterte er.
Er legte den Schlüssel in die Tasche.
Am Abend hörte er in der leeren Werkstatt ein leises Klackern, wie von Werkzeug auf Metall.
Als er nachsah, lag der Schraubenschlüssel an einer neuen Stelle – neben einem alten Motorrad, das er nie wieder repariert hatte.
Er wusste plötzlich, was zu tun war.
Am nächsten Wochenende fuhr das Motorrad wieder."
22.10.2025;Soziales;Senioren;"Treffen""";Brandenburg;Ein Seniorentreff bot gemeinsame Aktivitäten und Beratungen an.;"Im Treff spielte man Skat, trank Tee, erzählte.
Eine Frau brachte eine Kiste Fotos mit.
„Ich habe doppelte Erinnerungen“, sagte sie.
Die Bilder zeigten Ausflüge, die niemand im Raum je gemacht hatte – aber auf ihnen waren genau diese Leute zu sehen, nur jünger.
„Das kann nicht sein, ich war nie in Rom“, sagte Herr Dietrich.
Doch da war er – am Trevi-Brunnen.
Die Gruppe lachte zuerst, dann wurde man still.
Am Ende beschlossen sie, diese Reise gemeinsam nachzuholen.
„Wenn die Erinnerung schon da ist“, sagte die Frau, „müssen wir nur noch hin.“"
30.10.2025;Bildung;Schule;"Projekt""";Berlin;Eine Schule führte ein mehrtägiges Medienkompetenztraining durch.;"Die Schüler lernten Fake-News zu erkennen.
Ein Lehrer zeigte ein Beispielvideo, das eindeutig manipuliert war.
Doch als er stoppte, lief das Video weiter.
Auf dem Bildschirm erschien eine Live-Szene aus dem Klassenraum – aber aus der Zukunft: Die Stühle standen anders, ein neues Poster hing an der Wand, und die Klasse wirkte älter.
Ein Schüler lachte nervös: „Ist das jetzt das Beispiel für Deepfake?“
Der Lehrer konnte nur starren.
Das Video endete mit dem Text: „Glaub nicht alles. Aber glaub an dich.“
Danach ließ sich die Datei nicht mehr finden."
07.11.2025;Kultur;Konzert;"Chor""";Hamburg;Ein regionaler Chor gab ein Herbstkonzert in einer gut besuchten Kirche.;"Die Kirche war voll, als der Chor „Abendstern“ sang.
Beim letzten Lied fiel plötzlich ein einzelnes Blatt von der Kirchendecke – obwohl dort nichts hing.
Es segelte langsam herab und landete genau auf dem Notenblatt der Sopranistin.
Dort stand in goldener Schrift eine zusätzliche Zeile, die sie noch nie gesehen hatte.
Sie sang sie trotzdem.
Die neue Harmonie passte perfekt, als wäre sie immer Teil des Lieds gewesen.
Nach dem Konzert suchte man das Blatt – es war zerfallen wie Asche.
Doch die neue Zeile blieb im Gedächtnis des Chors.
Seitdem singen sie das Stück nur noch so."
16.11.2025;Umwelt;Landschaft;"Pflege""";Hessen;Freiwillige halfen bei Pflegemaßnahmen in einem Naturschutzgebiet.;"Die Helfer räumten Müll, schnitten Schilf, bauten Stege.
Ein Junge fand einen alten Kompass im Schlamm.
Die Nadel zeigte nicht nach Norden, sondern auf einen Hügel im Moor.
Sie gingen hin.
Dort stand ein einzelner Obstbaum, völlig fehl am Platz.
Am Stamm hing ein Schild: „Nicht fällen. Ich halte hier etwas zusammen.“
Sie lachten, aber ließen ihn stehen.
In der Nacht darauf rutschte der Moorboden an genau dieser Stelle nicht ab – obwohl ein Sturm kam.
Vielleicht hatte das Schild recht."
25.11.2025;Polizei;Einsatz;"Öffentliche Sicherheit""";Saarland;Ein kurzer Stromausfall führte zu einer erhöhten Einsatzbereitschaft.;"Als die Lichter ausgingen, erschien im Dunkeln eine Reihe kleiner Kerzenflammen – aber niemand hatte sie angezündet.
Sie führten wie ein Pfad durch den Stadtteil, bis vor ein Haus, in dem eine alte Frau allein lebte.
Die Nachbarn klopften, um nach ihr zu sehen.
Sie lag gestürzt im Flur und brauchte Hilfe.
„Ich hab doch gar keine Kerzen“, murmelte sie später.
Keiner aus der Straße meldete sich als Anzünder.
Am Morgen war der Pfad weg.
Nur ein Geruch nach Wachs blieb in der kalten Luft."
03.12.2025;Feuerwehr;Brandmelder;"Alarm""";Thüringen;Eine ausgelöste Brandmeldeanlage führte zu einem routinemäßigen Feuerwehreinsatz.;"Im Gebäude war nichts zu finden: kein Rauch, kein Feuer.
Doch die Brandmeldezentrale zeigte einen Alarm in Raum 3B.
Die Feuerwehr öffnete – Raum 3B existierte gar nicht.
Nur eine Wand.
Als sie dagegen klopften, klang sie hohl.
Man brach sie auf und fand einen vergessenen Lagerraum, voll mit alten Akten und einem einzigen Stuhl, auf dem eine rote Mütze lag.
Auf dem Stuhl klebte ein Zettel: „Gut, dass ihr da seid. Jetzt kann ich gehen.“
Am nächsten Tag war die Mütze verschwunden.
Und die Brandmeldeanlage löste nie wieder grundlos aus."
12.12.2025;Wirtschaft;Weihnachtsgeschäft;"Einzelhandel""";Baden-Württemberg;Der Einzelhandel meldet ein lebhaftes Weihnachtsgeschäft.;"In einer kleinen Buchhandlung kaufte ein Mann jeden Tag dieselbe Ausgabe von „Der kleine Prinz“.
Die Verkäuferin fragte schließlich, warum.
„Weil jedes Mal jemand anderes ihn braucht“, sagte er.
Er legte jedes Buch an einem anderen Ort in der Stadt ab: an Bushaltestellen, auf Parkbänken, im Krankenhausfoyer.
Einmal beobachtete sie heimlich, wie eine weinende Frau das Buch fand und sofort zu lesen begann – und nach wenigen Seiten lächelte.
Der Mann verschwand in der Menge.
Am nächsten Tag lag ein „kleiner Prinz“ vor der Buchhandlungstür – mit einem Zettel: „Für dich. Danke fürs Mitspielen.“"
20.12.2025;Kultur;Weihnachtsmarkt;"Veranstaltung""";Bayern;Der jährliche Weihnachtsmarkt wurde mit einem Besucherrekord beendet.;"Als die letzten Buden schlossen, blieb ein Stand noch offen: eine winzige Hütte ohne Schild.
Drinnen stand nur ein Glas mit Lichterkette-Funken.
„Letzte Chance“, sagte die Verkäuferin, eine alte Dame. „Wünsch dir was, bevor der Markt schläft.“
Ein junger Mann wünschte sich leise, sein Bruder möge wieder mit ihm reden.
Die Dame nickte, gab ihm das Glas.
„Öffne es, wenn du Mut brauchst.“
Zwei Tage später tat er es.
Die Funken stiegen auf, und eine Minute später klingelte sein Handy: „Hey. Hast du kurz Zeit?“
Er rannte los.
Das Glas war danach leer – aber warm."
